AAACAGAGCGACTCCT-1,1,14,94,856,2162
AAACAGGGTCTATATT-1,1,47,13,1964,581
AAACCGGGTAGGTACC-1,1,42,28,1796,873
AAACCGTTCGTCCAGG-1,1,52,42,2136,1144
AAACTTGCAAACGTAT-1,1,45,19,1897,698
AAAGGCTCTCGCGCCG-1,1,55,55,2239,1396
AAAGGGATGTAGCAAG-1,1,24,62,1191,1538
AAAGTAGCATTGCTCA-1,1,51,27,2101,852
AAATAACCATACGGGA-1,1,14,88,855,2045
AAATCGTGTACCACAA-1,1,44,56,1867,1418
AAATGGCATGTCTTGT-1,1,13,69,819,1676
AAATGGCCCGTGCCCT-1,1,49,17,2032,658
AAATGGTCAATGTGCC-1,1,33,51,1494,1322
AAATTACACGACTCTG-1,1,14,86,855,2006
AAATTGATAGTCCTTT-1,1,55,31,2236,930
AAATTTACCGAAATCC-1,1,6,90,584,2085
AAATTTGCGGGTGTGG-1,1,47,33,1966,970
AACAACTGGTAGTTGC-1,1,28,42,1324,1148
AACAATACATTGTCGA-1,1,61,37,2440,1045
AACACGACTGTACTGA-1,1,9,65,683,1599
AACACGAGACGCGGCC-1,1,45,21,1897,737
AACAGCTGTGTGGCAA-1,1,59,31,2372,929
AACAGGAAATCGAATA-1,1,15,67,887,1636
AACCAGTATCACTCTT-1,1,6,92,585,2124
AACCCTGGTGGAACCA-1,1,8,70,650,1696
AACCGAGCTTGGTCAT-1,1,24,70,1191,1693
AACCGTTGTGTTTGCT-1,1,12,64,785,1579
AACCTTTACGACGTCT-1,1,16,92,923,2122
AACGATAGAAGGGCCG-1,1,15,53,885,1364
AACGATATGTCAACTG-1,1,24,76,1192,1810
AACGCGGTCTCCAGCC-1,1,23,65,1157,1596
AACGGCCATCTCCGGT-1,1,47,39,1967,1086
AACGTACTGTGGGTAC-1,1,48,42,2001,1145
AACGTCAGACTAGTGG-1,1,24,40,1189,1110
AACGTGATGAAGGACA-1,1,9,83,685,1949
AACTCAAGTTAATTGC-1,1,38,44,1663,1185
AACTCCTAATCCCATG-1,1,12,92,788,2123
AACTCTCAGTGTGCTC-1,1,53,41,2170,1124
AACTGATATTAGGCCT-1,1,16,66,920,1617
AACTGGGTCCCGACGT-1,1,20,66,1056,1616
AACTGGGTTCGAGCCG-1,1,3,89,483,2066
AAGATGGCACCGGACC-1,1,59,39,2373,1084
AAGCGGCGTCATGGGT-1,1,9,97,687,2221
AAGCGTCCCTCATCGA-1,1,57,35,2305,1007
AAGGAGCGGTTGGTGC-1,1,28,48,1325,1265
AAGGCGCGTAAAGCTT-1,1,24,38,1188,1071
AAGGCTGTGCTCATCG-1,1,30,46,1392,1225
AAGGGACTATGCATTC-1,1,60,26,2405,831
AAGGTATCCTAATATA-1,1,25,81,1226,1907
AAGTAGAAGACCGGGT-1,1,19,47,1020,1247
AAGTGCGTTAGAATCT-1,1,49,27,2033,853
AAGTTCGGCCAACAGG-1,1,46,34,1932,989
AATAACACTAGAACAA-1,1,52,38,2136,1066
AATAAGTCCTCGAGAC-1,1,5,71,549,1716
AATAGAACAGAGTGGC-1,1,52,46,2136,1222
AATCGGGACACTACGA-1,1,8,60,649,1502
AATGACAGCAATGTCT-1,1,48,30,2000,911
AATGACTGTCAGCCGG-1,1,23,47,1155,1246
AATGATGATACGCTAT-1,1,23,93,1160,2141
AATGCAACCGGGTACC-1,1,25,59,1224,1479
AATGCACCAAGCAATG-1,1,19,97,1025,2219
AATGTGCCCGAGGTGT-1,1,55,27,2236,852
AATTAAAGGTCGGCGT-1,1,40,50,1731,1302
AATTCATAAGGGATCT-1,1,23,91,1160,2102
AATTTGGGACATAGTA-1,1,13,91,821,2103
AATTTGGTTCCAAAGA-1,1,11,67,751,1637
ACAAGGACAAGAGGTT-1,1,29,37,1357,1051
ACAATAGTCGTACGTT-1,1,42,20,1796,718
ACAATGAATACGGAGA-1,1,57,31,2304,929
ACAATTTGAGCAGTGG-1,1,28,82,1328,1926
ACACAAAGACGGGTGG-1,1,24,56,1190,1421
ACACACTTTCTACACG-1,1,14,64,853,1578
ACACCCAGCATGCAGC-1,1,24,50,1190,1304
ACACCTTAAGTAGGGC-1,1,25,43,1223,1168
ACACGGCACTATGCAT-1,1,7,71,616,1716
ACACGGGAACTTAGGG-1,1,27,71,1293,1712
ACACTGATCAAGGTGT-1,1,52,48,2137,1261
ACAGAACTGAGAACAA-1,1,52,24,2134,794
ACAGCATAGAGCCAGT-1,1,10,58,717,1462
ACAGCGCACCCGCAGC-1,1,10,80,719,1890
ACAGGTGGAGGTGAGG-1,1,51,39,2102,1086
ACAGTAATACAACTTG-1,1,46,14,1930,601
ACATAATAAGGCGGTG-1,1,21,63,1089,1558
ACATCCCGGCCATACG-1,1,55,57,2239,1435
ACATCGGTCAGCCGCG-1,1,41,37,1763,1049
ACATCGTTAACCTAGT-1,1,9,75,684,1793
ACATCTCAACGCGTAA-1,1,4,74,515,1774
ACCAACGCTTATTTAT-1,1,53,49,2171,1280
ACCAAGAACGCGTGTC-1,1,17,49,953,1286
ACCACAACTCAGAACA-1,1,7,81,617,1910
ACCACAAGTTTCTATC-1,1,30,54,1393,1381
ACCATCGTATATGGTA-1,1,42,42,1798,1146
ACCCATCTTGAGGGTA-1,1,37,37,1628,1049
ACCCGAGCGAAATTAC-1,1,61,29,2439,890
ACCCGGTTACACTTCC-1,1,42,48,1798,1262
ACCCGTGTCATCAGTA-1,1,58,54,2340,1376
ACCCTATGCCATATCG-1,1,56,40,2271,1104
ACCCTTCATCTGCGAA-1,1,13,65,819,1598
ACCCTTTAGTTCTCCA-1,1,6,80,583,1891
ACCGACTGAGTCCCAC-1,1,28,66,1326,1615
ACCGTGACCACGTGGG-1,1,61,39,2440,1084
ACCTAAGTACCTTTCA-1,1,50,30,2067,911
ACCTGCGTGTCATGTT-1,1,46,18,1931,678
ACGAGATATTTGCTTA-1,1,9,81,685,1910
ACGAGGATACCACTCT-1,1,50,18,2066,678
ACGATACATAGAACTA-1,1,22,80,1125,1888
ACGATCATACATAGAG-1,1,25,63,1225,1557
ACGATGCATATGTTAT-1,1,37,43,1629,1166
ACGATGGATCCGATGC-1,1,10,70,718,1696
ACGCCAGATGATTTCT-1,1,17,73,955,1753
ACGCGCTACACAGGGT-1,1,41,31,1763,932
ACGCTTAGTGTCTCTC-1,1,3,81,482,1911
ACGGCCAACATGGACT-1,1,53,55,2171,1397
ACGGGAGTGTCGGCCC-1,1,47,25,1965,814
ACGTACAGATTTCTCT-1,1,10,66,717,1618
ACGTGCGCCTCGTGCA-1,1,17,63,954,1558
ACGTTAGATTTGCCCG-1,1,39,39,1696,1088
ACGTTTAGTTGTGATC-1,1,14,68,853,1656
ACTACCAGCTCTCTGG-1,1,25,41,1222,1129
ACTATTCGTCCGTGGT-1,1,14,74,854,1773
ACTATTTCCGGGCCCA-1,1,59,41,2373,1123
ACTCAATAAAGGCACG-1,1,25,69,1225,1674
ACTCCCATTCCTAAAG-1,1,47,17,1964,659
ACTCGTAACCCGTCCT-1,1,49,23,2033,775
ACTCTCTTATACACGA-1,1,8,84,652,1968
ACTGATTTAGTGATTC-1,1,4,80,516,1891
ACTGCCGTCGTAACTC-1,1,16,70,921,1695
ACTGTAGCACTTTGGA-1,1,27,39,1290,1090
ACTGTCCAGGATTATA-1,1,33,55,1495,1400
ACTGTCTTCTTTAGAA-1,1,30,64,1394,1575
ACTTACCGGGCGCGCA-1,1,11,95,754,2182
ACTTCGCCATACGCAC-1,1,27,75,1293,1790
ACTTGGGACCCGGTGG-1,1,29,49,1359,1284
ACTTTCCTATAGCTTC-1,1,28,62,1326,1537
AGAACGTGGTACATTC-1,1,27,73,1293,1751
AGAAGGTTGCCGAATT-1,1,42,44,1798,1185
AGAAGTGATTCGTGAT-1,1,48,28,1999,872
AGACCCGCCCTCCTCG-1,1,26,56,1258,1421
AGACGACGATGCCGCT-1,1,53,33,2169,969
AGACTAGCCTTCCAGA-1,1,28,46,1324,1226
AGAGAACCGTCTAGGA-1,1,26,88,1261,2043
AGAGAAGGAGTACAAT-1,1,58,34,2338,987
AGAGCGGGCTAATCAT-1,1,16,64,920,1578
AGATAACTTCAGGGCC-1,1,32,44,1460,1186
AGATACCGGTGTTCAC-1,1,40,38,1730,1068
AGATCTCAGGTGTGAT-1,1,29,75,1361,1790
AGATGACTCGCCCACG-1,1,21,55,1088,1402
AGATGAGGGTTGCGAT-1,1,14,98,856,2239
AGATGCAAGACGTGCA-1,1,58,24,2337,793
AGCAACCGAAAGTAAT-1,1,56,20,2269,715
AGCACCAGTACTCACG-1,1,27,65,1292,1595
AGCACTTAAGGACGCC-1,1,31,35,1425,1011
AGCATCATTTCGAAAG-1,1,53,19,2168,697
AGCATCGTCGATAATT-1,1,22,52,1122,1344
AGCCACTCCCGTGCTT-1,1,23,81,1159,1907
AGCCCATACATGTAAG-1,1,42,26,1796,835
AGCCCTAAGCGAAGTT-1,1,15,65,886,1598
AGCCGTGGCTAAATGT-1,1,50,22,2066,755
AGCGACAGGAACGGTC-1,1,51,37,2102,1047
AGCGACATCCCATTCA-1,1,17,59,954,1481
AGCGACCAACGATATT-1,1,25,55,1224,1401
AGCGCATAATGAATCG-1,1,57,55,2307,1396
AGCGCTTATGGGCAAG-1,1,8,96,653,2202
AGCTAACAAGCAATGT-1,1,61,33,2440,967
AGCTATTTAATCCAAC-1,1,16,74,921,1772
AGCTCTTCCCAGTGCA-1,1,18,88,990,2044
AGCTCTTTACTCAGTT-1,1,41,45,1764,1204
AGCTGAAGTAAACCAA-1,1,20,84,1058,1966
AGCTGTAACCTCAATC-1,1,54,28,2202,871
AGGACGACCCATTAGA-1,1,43,45,1832,1204
AGGACGCTCGATGTTG-1,1,18,98,991,2239
AGGATCACGCGATCTG-1,1,48,16,1998,639
AGGCAGATGCGTAAAC-1,1,26,86,1261,2004
AGGCCACCCGTTATGA-1,1,28,38,1324,1070
AGGCCCATTGTACAGG-1,1,15,55,885,1403
AGGCCCTAGAACGCCA-1,1,45,25,1898,815
AGGCTTCCCGAAGAAG-1,1,50,42,2068,1144
AGGGAAACGAGGTACT-1,1,13,89,821,2065
AGGGACTCTACGCGAC-1,1,55,53,2239,1357
AGGGCAGCGGCGTGGT-1,1,8,74,651,1774
AGGGCGAGCAGCTGAT-1,1,44,20,1863,718
AGGGCGTGATCGGCTA-1,1,17,45,952,1208
AGGTACGATATTGCCA-1,1,12,76,786,1812
AGGTAGATCGAGATAT-1,1,63,35,2508,1006
AGGTCAGGTGAGAGTG-1,1,46,20,1931,717
AGGTTGAGGCACGCTT-1,1,22,74,1124,1771
AGTAACGTTCATCCTG-1,1,5,91,551,2105
AGTAATGTCTTGCCGC-1,1,16,60,920,1500
AGTACGGGCACCTGGC-1,1,25,79,1226,1868
AGTACGTGGCCTGTCT-1,1,6,88,584,2046
AGTAGGAAGGAAGTTG-1,1,16,98,924,2239
AGTAGGTAACATACAT-1,1,13,51,817,1326
AGTATGCTGGAGACCA-1,1,58,26,2337,832
AGTATTTGGCACGACC-1,1,58,52,2340,1337
AGTCAACACCACCATC-1,1,41,47,1764,1243
AGTCCCGCCTTTAATT-1,1,17,93,957,2142
AGTCGGCCCAAACGAC-1,1,25,39,1222,1090
AGTCGGCTCAACTTTA-1,1,47,23,1965,775
AGTCGTGGGCATTACG-1,1,51,29,2101,891
AGTCTCACAAGACTAC-1,1,54,30,2203,910
AGTCTTCTCCTCAAAT-1,1,24,66,1191,1615
AGTGACCTACTTTACG-1,1,44,52,1866,1340
AGTGAGGGTTTCTGAC-1,1,8,88,652,2046
AGTGATATGAGTAGTT-1,1,45,49,1900,1281
AGTGCGTAGCTCGTAA-1,1,46,42,1933,1145
AGTGTATTGCGCATTG-1,1,17,95,957,2181
AGTTAAACACTTGCGA-1,1,40,44,1730,1185
AGTTAAGCGGTCCCGG-1,1,16,80,922,1889
AGTTAAGTCAACCGCT-1,1,51,25,2101,814
AGTTACTCTATCGTGG-1,1,15,89,889,2064
AGTTCCTACAGAATTA-1,1,30,50,1393,1303
AGTTTCGCAGGTCGGA-1,1,12,62,785,1540
AGTTTGGCCAGACCTA-1,1,47,31,1966,931
ATAAAGGCTCGGTCGT-1,1,34,50,1528,1303
ATAAAGGTCAAGTACG-1,1,5,85,550,1988
ATAACGGAGTCCAACG-1,1,25,75,1226,1790
ATAAGTTACCGCGACG-1,1,46,52,1934,1339
ATACGGAACGTCGTTT-1,1,56,22,2269,754
ATACGGGTTTCGATTG-1,1,22,82,1125,1927
ATACTAGCATGACCCT-1,1,21,61,1089,1519
ATAGACGAAGAGAAAG-1,1,33,45,1494,1206
ATAGAGTACTGGGACA-1,1,26,48,1257,1265
ATAGGCGGCTATAGAA-1,1,43,33,1831,970
ATAGGGATATCCTTGA-1,1,21,71,1090,1713
ATAGGTTGGGCAGATG-1,1,28,64,1326,1576
ATAGTCTTTGACGTGC-1,1,7,67,616,1638
ATATCGTGCCAGACCC-1,1,3,79,482,1872
ATATCTCCCTCGTTAA-1,1,19,87,1024,2025
ATATTCAGTTAAACCT-1,1,44,40,1865,1106
ATATTCCCACAGGTCA-1,1,11,59,751,1482
ATATTTAACCCTCAAG-1,1,31,55,1427,1400
ATCAAACGAAGGTTTG-1,1,49,33,2034,969
ATCACATTAGAATATC-1,1,20,82,1057,1927
ATCACGTGCTAATTAA-1,1,46,36,1932,1028
ATCACTTCATCCTCGC-1,1,21,67,1090,1635
ATCAGACGGCACGCCG-1,1,44,42,1865,1145
ATCAGCTCGTCCACTA-1,1,49,15,2032,619
ATCAGGTCGCCATTGC-1,1,8,94,653,2163
ATCAGTAGGCAGGGAT-1,1,23,87,1159,2024
ATCCAACGCAGTCATA-1,1,25,37,1222,1051
ATCCAATGGAGGGTCC-1,1,43,27,1830,854
ATCCACGCTAAATGTT-1,1,5,83,550,1949
ATCCAGAGCAACAACC-1,1,50,52,2069,1339
ATCCAGGATTCGTGAA-1,1,40,46,1730,1224
ATCCTACCTAAGCTCT-1,1,44,48,1866,1262
ATCCTGCGTGGAATGG-1,1,45,47,1900,1242
ATCGACTCTTTCCGTT-1,1,23,61,1157,1518
ATCGCACGCCGGGAGA-1,1,25,57,1224,1440
ATCGGCAAGCAGTCCA-1,1,20,96,1059,2199
ATCGTTCACTTTCGCC-1,1,10,94,720,2162
ATCTCCCTGCAATCTA-1,1,16,72,921,1733
ATCTGACATGGAAGGA-1,1,63,41,2508,1123
ATCTGGTTAAGACTGT-1,1,26,76,1260,1810
ATCTGTAATTGTACCC-1,1,15,57,886,1442
ATCTTGACCTGCAACG-1,1,26,44,1257,1187
ATGAAGCCAAGGAGCC-1,1,22,46,1121,1227
ATGACGCCGGCTCTAA-1,1,16,58,920,1461
ATGACGCGTTCTATCC-1,1,52,30,2135,911
ATGAGGAGTGTTAATC-1,1,25,35,1222,1012
ATGATCGGGAATAGAC-1,1,16,54,919,1383
ATGATGCAATGGTACA-1,1,44,50,1866,1301
ATGCACTACCGCATTG-1,1,27,45,1291,1207
ATGCATGATCCAGGAT-1,1,25,65,1225,1596
ATGCCGGTTGATGGGA-1,1,19,83,1024,1947
ATGGATCCGGCGTCCG-1,1,19,79,1023,1869
ATGGATTGACCAAACG-1,1,27,61,1292,1518
ATGGCTGGAAATGGCC-1,1,9,93,686,2143
ATGGGAACGGAAGCGG-1,1,4,88,517,2047
ATGGGACCTGCTGAAC-1,1,61,31,2439,928
ATGTGAAAGCCTAATG-1,1,46,22,1931,756
ATGTGCATCCGACGCA-1,1,23,57,1156,1441
ATTAATACTACGCGGG-1,1,22,66,1123,1616
ATTAATGAACCAGTCG-1,1,23,79,1159,1868
ATTAATTCGGTCACTC-1,1,14,66,853,1617
ATTACAACTACCGGCC-1,1,11,87,753,2026
ATTACGCGCTGGCAGG-1,1,40,30,1729,913
ATTACTAGCCTCTTGC-1,1,18,44,986,1189
ATTAGATTGATAGCGG-1,1,19,49,1020,1286
ATTATACTTTGCTCGT-1,1,18,78,989,1850
ATTATGCCATAGGGAG-1,1,21,53,1088,1363
ATTATTATGTCCGTCA-1,1,59,37,2372,1045
ATTCCTCCGCCAGTGC-1,1,23,39,1155,1091
ATTCTGAGTATGAACT-1,1,6,86,584,2007
ATTCTTCGTACTTATG-1,1,9,87,686,2026
ATTGAAGATCTTAGTG-1,1,31,49,1426,1284
ATTGACGTAACTCGGT-1,1,8,72,650,1735
ATTGCTGCTCCTCCAT-1,1,35,43,1561,1166
ATTGTCGCAATACCTT-1,1,15,85,888,1986
ATTTAACTCGTATTAC-1,1,14,52,851,1345
ATTTACAGTTTACTGG-1,1,30,38,1391,1070
ATTTCATTATTTCGCG-1,1,14,78,854,1850
ATTTCCGGGTTCTGCG-1,1,55,35,2237,1007
ATTTGCGCGAGTAGCT-1,1,53,31,2169,930
ATTTGTTCCAGGGCTC-1,1,19,71,1022,1714
CAAACGAGTATCGCAG-1,1,47,47,1967,1242
CAAACGGTCGCACTTT-1,1,30,40,1392,1109
CAAACGTGGTCTTGCG-1,1,4,78,516,1852
CAAACTACGATAGAGA-1,1,12,84,787,1967
CAAACTATTGAGCTTC-1,1,11,75,752,1793
CAAAGATTATTGGGCC-1,1,56,30,2270,910
CAAATCTCTCACAAGG-1,1,44,24,1864,795
CAAATGTCCTTCCGTG-1,1,45,53,1900,1359
CAAATTGTCAGCAAGC-1,1,13,67,819,1637
CAACGACCCGTTTACA-1,1,20,50,1054,1305
CAACTATATCGAATGC-1,1,15,79,888,1870
CAACTCCAACGTTTAG-1,1,4,86,516,2008
CAACTCCTTGATCCCG-1,1,18,46,986,1228
CAAGCAACGTCGGAGT-1,1,32,38,1459,1070
CAAGCACCAAATGCCT-1,1,18,66,988,1616
CAATAAACCTTGGCCC-1,1,26,74,1260,1771
CAATATTCTTGACCTA-1,1,54,40,2204,1105
CAATCCCTATACCAGC-1,1,12,88,787,2045
CAATGGAATCTACATA-1,1,9,91,686,2104
CAATTAAGGGTGATGA-1,1,29,65,1360,1595
CACAATGAGCTGCTAT-1,1,42,50,1799,1301
CACACGTTTCAATGGG-1,1,5,89,551,2066
CACAGCACCCACGGCA-1,1,31,59,1427,1478
CACAGCTAGGGAGTGA-1,1,20,60,1055,1499
CACATCGTGCACGCGC-1,1,60,38,2406,1065
CACATTCTTTCGATGG-1,1,18,90,990,2083
CACCATCGGAGGAGAC-1,1,11,61,751,1520
CACCCACGAGGCAATT-1,1,20,86,1058,2005
CACCCGGTTTGTGACT-1,1,53,39,2170,1085
CACCCTTGGTGAGACC-1,1,50,16,2066,639
CACCGATACACCGAGC-1,1,10,84,719,1968
CACCGCCAGAAGGTTT-1,1,27,59,1292,1479
CACCGCCGACCAGCGA-1,1,9,67,684,1637
CACCGGAGATATCTCC-1,1,7,93,619,2143
CACCGTTAGGGATCAC-1,1,53,37,2169,1047
CACCGTTGCGCGATAT-1,1,47,29,1966,892
CACCTAATCAGTTTAC-1,1,20,72,1056,1733
CACCTCGATGGTGGAC-1,1,18,70,988,1694
CACCTTGCGAAACTCG-1,1,24,84,1193,1965
CACGCACAGCGCAGCT-1,1,24,72,1192,1732
CACGCAGCGAGGCTTT-1,1,31,43,1426,1167
CACGTCGGCAACCTCT-1,1,49,37,2034,1047
CACGTCTATGATGTGG-1,1,7,95,619,2182
CACTAAAGTTGCCTAT-1,1,35,51,1562,1322
CACTACTCAGTTCTGT-1,1,5,75,549,1794
CACTCAGCTCTTGAGG-1,1,11,71,752,1715
CACTCCTATGTAAGAT-1,1,56,36,2271,1027
CACTCCTCTCGGTCGG-1,1,15,87,889,2025
CACTGTCCAAGTGAGA-1,1,19,43,1020,1169
CACTTAATCAGACGGA-1,1,34,48,1528,1264
CAGACACCGATCGCTG-1,1,53,51,2171,1319
CAGACGAACCTGATAC-1,1,50,50,2069,1300
CAGAGCATGAGCTTGC-1,1,26,70,1259,1693
CAGAGGCGATGCATGA-1,1,54,48,2204,1260
CAGAGTGATTTAACGT-1,1,9,69,684,1676
CAGATACTAACATAGT-1,1,26,46,1257,1226
CAGCAGCCCGTTCCTT-1,1,28,78,1328,1848
CAGCCGGGCCCTCTAT-1,1,11,85,753,1987
CAGCCTCCTGCAGAGG-1,1,23,77,1158,1829
CAGCCTCTCCTCAAGA-1,1,15,95,889,2181
CAGCGATTCCCTTCAA-1,1,53,43,2170,1163
CAGCTGGCGTAACCGT-1,1,48,22,1999,756
CAGGAAGACTTTATAT-1,1,13,85,821,1987
CAGGCCGTTTGGGTGT-1,1,39,43,1696,1166
CAGGCGCACGGTGGTC-1,1,56,28,2270,871
CAGTACCAGTTTACGT-1,1,48,18,1998,678
CAGTGAATAAATGACT-1,1,25,83,1227,1946
CAGTTCAAATTGACAC-1,1,29,51,1359,1323
CATACTATGTAATTGT-1,1,36,48,1595,1263
CATAGCGTTGCCCACC-1,1,54,42,2204,1144
CATAGTACATTGAGAG-1,1,15,77,888,1831
CATAGTAGCATAGTAG-1,1,19,45,1020,1208
CATAGTCCACAAGAAC-1,1,45,31,1898,931
CATATAGGTACAGTCA-1,1,43,55,1833,1398
CATATGTCAGGCTACG-1,1,48,24,1999,795
CATATTATTTGCCCTA-1,1,9,79,685,1871
CATCATCTACCCGGAC-1,1,11,69,752,1676
CATGAACCTCTTATCA-1,1,5,69,549,1677
CATGATGCACAATTCT-1,1,21,69,1090,1674
CATGCATGGAGACCCT-1,1,6,70,582,1696
CATGCCAACTCGCAAA-1,1,43,21,1829,737
CATGCGTTAGACAGAA-1,1,15,63,886,1559
CATGCTGGCTCCAATT-1,1,12,60,784,1501
CATGGCAGGAAGATCG-1,1,17,57,953,1442
CATGGGTCGGGTGTGG-1,1,21,85,1091,1985
CATGGTCTAGATACCG-1,1,26,66,1259,1615
CATTACGTCGGCCCGT-1,1,19,65,1022,1597
CATTATGCTTGTTGTG-1,1,26,52,1257,1343
CATTTAGCGGACCATG-1,1,25,85,1227,1985
CATTTATCGTTCAAGA-1,1,5,77,549,1833
CATTTGAGTGGTACGT-1,1,50,48,2069,1261
CCAAACAGAACCCTCG-1,1,22,48,1122,1266
CCAACGATGCACTGAT-1,1,31,37,1425,1050
CCAACGCTTGCCAGGG-1,1,10,100,721,2279
CCAAGAAAGTGGGCGA-1,1,52,52,2137,1338
CCAAGACTTCTGCGAA-1,1,20,62,1055,1538
CCAATAGTGCCGTCGA-1,1,34,42,1527,1147
CCAATCGGTAGATCGA-1,1,14,84,855,1967
CCAATTACGGGTCGAG-1,1,19,93,1025,2141
CCAATTGAATGTTAAT-1,1,20,46,1054,1227
CCACACTGAGATATTA-1,1,39,49,1697,1282
CCACCAACTTTACTGT-1,1,52,40,2136,1105
CCACGAGAAGAGAATC-1,1,17,75,955,1792
CCACGGAGCCATAAGA-1,1,47,27,1965,853
CCAGAAAGCAACTCAT-1,1,52,36,2135,1027
CCAGATAGTTGAGTGA-1,1,28,84,1328,1965
CCAGGGACGTGGCCTC-1,1,27,53,1291,1362
CCAGTCTAGACGGCGC-1,1,24,86,1193,2004
CCATAAACAACCCGAC-1,1,14,76,854,1812
CCATAGGTTGGCGTGG-1,1,18,62,988,1539
CCATGCCTGTTTAGTA-1,1,35,53,1562,1361
CCATGCTCTGCAGGAA-1,1,21,43,1087,1169
CCATTAGCGATAATCC-1,1,32,42,1459,1147
CCATTCCCTGCCCACA-1,1,33,39,1493,1089
CCCAACATACGTCGCG-1,1,43,35,1831,1009
CCCAACCACACTAACA-1,1,8,66,650,1618
CCCAATGAGATTTGCA-1,1,60,40,2407,1104
CCCAATTTCACAACTT-1,1,39,33,1695,971
CCCGAAGTTTCGCGAA-1,1,45,11,1896,542
CCCGACCATAGTCCGC-1,1,20,74,1057,1772
CCCGCAGGGCCCAAAG-1,1,11,79,753,1870
CCCGTAGCTGGGAAGA-1,1,57,39,2305,1085
CCCGTCAGCGTCTGAC-1,1,23,51,1156,1324
CCCTGAAATGAGTTGA-1,1,31,39,1425,1089
CCCTGGTATGGGCGGC-1,1,6,72,583,1735
CCGAACACTGGGCCTC-1,1,44,18,1863,679
CCGACGGGCATGAGGT-1,1,54,26,2202,832
CCGACGTAAACACAAC-1,1,13,97,822,2220
CCGACTCGCATAGTCT-1,1,4,76,515,1813
CCGCCGGTCAACACAC-1,1,13,55,818,1403
CCGCCTGCGAATTGGT-1,1,15,97,890,2220
CCGCGGAATGCGTCAC-1,1,51,45,2103,1202
CCGCTGGTGCCATTCA-1,1,6,74,583,1774
CCGCTTACCTCACTCT-1,1,47,35,1966,1009
CCGGCGCATATTGGAT-1,1,14,56,852,1423
CCGGCGTGAGACTCTG-1,1,47,11,1964,542
CCGGGACCCGCAGAGA-1,1,16,52,919,1345
CCGGGTTCGAGGTTAC-1,1,38,32,1661,952
CCGGTTTGTAATTGTG-1,1,56,42,2271,1143
CCGTATCTCGTCGTAG-1,1,53,27,2168,852
CCGTGTTAAATTCCAT-1,1,48,36,2000,1028
CCGTTACGTTAGAACA-1,1,20,88,1058,2044
CCTAAAGGCTGACGCT-1,1,14,82,854,1928
CCTAACTAAGGCTCTA-1,1,21,93,1092,2141
CCTACATTCACAGACG-1,1,51,33,2101,969
CCTACTGCTTACACTT-1,1,27,49,1291,1284
CCTAGTTAGTCGCATG-1,1,12,72,786,1734
CCTATACCGTCCTGTC-1,1,55,45,2238,1202
CCTATCTATATCGGAA-1,1,19,77,1023,1830
CCTATGGGTTACCGTC-1,1,29,69,1361,1673
CCTCCCGACAATCCCT-1,1,9,63,683,1560
CCTCGAAGTGGACGGG-1,1,15,71,887,1714
CCTCGCCAGCAAATTA-1,1,18,74,989,1772
CCTCGCGCGATATAGG-1,1,21,95,1092,2180
CCTCTAATCTGCCAAG-1,1,23,73,1158,1752
CCTCTATCGATTAGCA-1,1,52,26,2134,833
CCTCTGGCCTAGACGG-1,1,15,75,887,1792
CCTGAATATTTACATA-1,1,23,71,1158,1713
CCTGACGCAACCTTTA-1,1,3,87,483,2027
CCTGCTATTTGAGAAG-1,1,26,50,1257,1304
CCTGGCTAGACCCGCC-1,1,29,43,1358,1167
CCTGTAAGACATGATA-1,1,37,41,1628,1127
CCTGTCACCCGGGCTC-1,1,29,67,1360,1634
CCTTCTCAGCGTTCCT-1,1,43,15,1829,620
CCTTCTTGATCCAGTG-1,1,19,73,1023,1752
CCTTTAAGGGAGCACT-1,1,58,50,2340,1298
CGAAACATAGATGGCA-1,1,11,77,752,1832
CGAAACGCAATTCATG-1,1,41,33,1763,971
CGAACCCGCATGCGTC-1,1,49,49,2035,1281
CGAACGCCCAGTGCCG-1,1,14,70,853,1695
CGAACGGCCGGACAAC-1,1,47,15,1964,620
CGAAGTTGCTCTGTGT-1,1,33,35,1493,1011
CGACAGTTCGCGTTAT-1,1,36,42,1595,1147
CGACATGCGATCTTCT-1,1,8,64,650,1579
CGACCCTTAACGCCGG-1,1,48,12,1998,561
CGACTCAGGATGTTAT-1,1,23,89,1160,2063
CGAGAGATGTGAACCT-1,1,29,73,1361,1751
CGAGCTGGGCTTTAGG-1,1,17,67,954,1636
CGAGGCTAAATATGGC-1,1,29,71,1361,1712
CGAGTACTAAAGAGGA-1,1,45,35,1899,1009
CGAGTGAAGGTACCAG-1,1,55,29,2236,891
CGAGTTCTGTCCCACC-1,1,27,85,1294,1984
CGATACCTCGCGGACA-1,1,40,48,1731,1263
CGATCTGTTGGAGGAC-1,1,46,24,1931,795
CGCAAACACGAGTTAC-1,1,27,37,1290,1051
CGCAATTAGGGTAATA-1,1,28,44,1324,1187
CGCATCATGGCTTCAG-1,1,9,85,685,1987
CGCATTAGCTAATAGG-1,1,27,57,1292,1440
CGCCATCCGATTATGA-1,1,24,80,1192,1888
CGCCCGCTTCCGTACA-1,1,18,80,989,1889
CGCGAGTCTGCCGGGT-1,1,52,20,2134,716
CGCGCAAATGTCCAGA-1,1,56,24,2270,793
CGCGCCCGACTTAATA-1,1,21,75,1090,1791
CGCGGGAATTAGGCAG-1,1,28,80,1328,1887
CGCGTTCATGAAATAC-1,1,27,51,1291,1323
CGCTACGGGACATTTA-1,1,38,48,1663,1263
CGCTCGACATAATGAT-1,1,21,45,1088,1208
CGCTCTCCGTAGATTA-1,1,33,37,1493,1050
CGCTGTGACGCCGCAC-1,1,25,47,1223,1246
CGCTGTGTGGATGTTG-1,1,59,43,2373,1162
CGCTTATTCCCGGTCG-1,1,42,30,1797,912
CGCTTTCATACCGGTG-1,1,14,50,851,1306
CGGAAATTTCACATCC-1,1,4,82,516,1930
CGGAACGTAAACATAG-1,1,47,45,1967,1203
CGGAGCTTATAACACC-1,1,10,86,719,2007
CGGAGTTTGAGAGACA-1,1,30,34,1391,992
CGGCACCGTTAGCGCC-1,1,11,89,754,2065
CGGCTCTTCGTCGAAC-1,1,8,86,652,2007
CGGGATCAATGTAAGA-1,1,23,59,1157,1479
CGGGCAGCTAAACCGC-1,1,32,56,1461,1420
CGGTAGAGGTGCAGGT-1,1,22,92,1126,2121
CGGTATAGGTATTAGC-1,1,11,99,755,2259
CGGTCAAGTGGGAACC-1,1,26,80,1260,1887
CGGTCTATCAACCCGT-1,1,18,82,990,1928
CGGTGCAGATAGAACG-1,1,42,36,1797,1029
CGGTGCGCGTTGGTCC-1,1,49,39,2034,1086
CGGTGGGCTCCAGCCT-1,1,15,99,890,2259
CGTACCTGATAGGCCT-1,1,22,68,1124,1655
CGTAGCGAATTGTCAG-1,1,13,71,819,1715
CGTATTAAGAGATCTA-1,1,32,54,1461,1381
CGTCACGTCCATTGGT-1,1,47,51,1968,1320
CGTCGGGTCTAAGCGC-1,1,54,22,2202,755
CGTCTGGAAGGGCCCG-1,1,16,62,920,1539
CGTGACATTGGGTCGT-1,1,15,83,888,1948
CGTGCATTGTCGACGC-1,1,39,31,1695,932
CGTGTCCCATTCGCGA-1,1,28,40,1324,1109
CGTGTCTCGTTACGAC-1,1,60,34,2406,987
CGTTAGCTCACAACTG-1,1,14,90,855,2084
CGTTCATGGTGCGCGT-1,1,48,20,1999,717
CGTTGAGTAATTGCGT-1,1,11,101,755,2298
CGTTGTTTCAATTCCC-1,1,34,40,1527,1108
CGTTTAAGCGGAGCAC-1,1,13,59,818,1481
CGTTTCACTTCGGGCG-1,1,18,92,991,2122
CGTTTCGCTCATTACA-1,1,35,49,1562,1283
CGTTTGTGTAGAGGGT-1,1,55,41,2237,1124
CTAAAGAATGCCTACT-1,1,36,36,1594,1030
CTAAATCCGGTGTACA-1,1,61,35,2440,1006
CTAAATCCTATTCCGG-1,1,26,84,1261,1965
CTAACCGCGCGCCCGT-1,1,37,35,1628,1010
CTAACTGGTCCGGTTC-1,1,50,36,2068,1028
CTACAAGAAATAACCC-1,1,58,40,2339,1104
CTACGAACTAGGTCGA-1,1,5,73,549,1755
CTACGCCATTTCCGAT-1,1,12,80,786,1890
CTACTATCATAGGTTT-1,1,53,25,2168,813
CTACTCAAGGTATAGT-1,1,60,42,2407,1143
CTACTGCCACCTGACC-1,1,27,63,1292,1557
CTAGACTGCATTTCGT-1,1,10,96,720,2201
CTAGTATTCGGAATTA-1,1,14,80,854,1889
CTAGTGAAGGACAGGA-1,1,34,38,1527,1069
CTAGTTGGGCCCGGTA-1,1,26,68,1259,1654
CTATAGGCGTTGATGT-1,1,62,38,2474,1064
CTATGTCACTAGCCCA-1,1,30,66,1394,1614
CTATGTCTATTGAAAC-1,1,11,55,750,1404
CTATGTGAGTCACGGC-1,1,45,17,1897,659
CTATTGTGTTTGGTCA-1,1,13,101,822,2298
CTCAAGACATTAGCGC-1,1,14,102,856,2317
CTCATGGCTCACAATC-1,1,13,63,819,1559
CTCATGGTAATTTGCG-1,1,50,26,2067,833
CTCATTTGATGGGCGG-1,1,22,62,1123,1538
CTCCCTCCTTTCGATC-1,1,51,23,2100,775
CTCCGCCCACATGAGG-1,1,43,39,1831,1087
CTCCGGCCTAATATGC-1,1,19,59,1021,1480
CTCGAGGTCGAACAGT-1,1,29,59,1360,1478
CTCGCACCTATATAGT-1,1,24,68,1191,1654
CTCGGGTTCTCTGGCC-1,1,61,27,2439,851
CTCGGTCCGTAGCCTG-1,1,18,50,987,1305
CTCGGTTGTCGGCCCT-1,1,56,26,2270,832
CTCTACACTGGCGATT-1,1,43,17,1829,659
CTCTCTAACTGCCTAG-1,1,57,21,2303,735
CTCTGGACGCCTGGTG-1,1,32,62,1461,1536
CTCTGTTTGAGGATTC-1,1,14,72,853,1734
CTCTTCTGGAAGTTAG-1,1,62,40,2474,1103
CTGAAAGAGATCCGAC-1,1,19,69,1022,1675
CTGAATCCGAGACCTC-1,1,47,53,1968,1359
CTGCACCTGGAACCGC-1,1,15,49,885,1286
CTGCCAAGGTTGGAAG-1,1,21,77,1091,1830
CTGCCTAGCCACCAAG-1,1,8,80,651,1890
CTGCGGTAGTCACGTG-1,1,10,92,720,2123
CTGCGTTACGATATAA-1,1,16,90,923,2083
CTGCTGAGGCCACGAA-1,1,49,35,2034,1008
CTGGAAATGGATGCTT-1,1,29,53,1359,1362
CTGGCATCCGAATGAG-1,1,48,26,1999,833
CTGGCGACATAAGTCC-1,1,17,81,956,1908
CTGGCTGGTTGTCAGT-1,1,54,56,2205,1416
CTGGGCCTGCTATATC-1,1,44,30,1864,912
CTGGTCCTAACTTGGC-1,1,7,65,616,1599
CTGTCAAATGGCTCGG-1,1,23,83,1159,1946
CTGTCACGCCAGGCGC-1,1,10,98,721,2240
CTGTTCACTGCCTGTG-1,1,22,56,1122,1421
CTTAACTTCGAAGTAC-1,1,11,63,751,1559
CTTACACGGTATTCCA-1,1,31,45,1426,1206
CTTACACTGGGAAATA-1,1,16,48,919,1267
CTTAGCCTTCCACATG-1,1,22,78,1125,1849
CTTCCGCTCCGTGAAG-1,1,56,50,2272,1299
CTTCGTAGATAGGTGA-1,1,39,45,1697,1204
CTTCTATGTTGAAGTA-1,1,46,28,1932,873
CTTCTATTAATGCTAG-1,1,51,47,2103,1241
CTTCTTACGTCGTATA-1,1,14,60,852,1500
CTTGCAACCGCCTCCT-1,1,43,25,1830,815
CTTGCCCAGGCTCTAC-1,1,45,55,1901,1398
CTTGTACTTGTTGACT-1,1,21,51,1088,1324
CTTGTGCTCACCGATT-1,1,22,94,1126,2160
CTTTAACTTTCAAAGG-1,1,23,67,1157,1635
CTTTGGCTTTAGTAAA-1,1,32,40,1459,1108
GAAACAGCCATGCAGT-1,1,13,61,818,1520
GAAACCGAATTACCTT-1,1,45,51,1900,1320
GAAACTCTAATGAAGG-1,1,13,73,820,1753
GAAAGCAGTGCACTTT-1,1,56,54,2273,1377
GAAATACCTGCTGGCT-1,1,7,85,618,1988
GAAATCGCGCGCAACT-1,1,18,68,988,1655
GAAATGGCGGTGTTAG-1,1,30,52,1393,1342
GAAATTAGCACGGATA-1,1,18,96,991,2200
GAAATTGTCTCTATAA-1,1,43,53,1833,1359
GAACACACATCAACCA-1,1,22,50,1122,1305
GAACGACCGAATGATA-1,1,19,63,1022,1558
GAAGAAACGATATTGT-1,1,59,29,2372,890
GAAGCTCGGACCCGTC-1,1,55,21,2235,735
GAAGCTTGCTGACCGC-1,1,29,35,1357,1012
GAAGTGATTTATCGTG-1,1,39,47,1697,1243
GAAGTGCTGGATAGCT-1,1,15,61,886,1520
GAAGTTTCCACTCAAT-1,1,36,46,1595,1224
GAATAGTGCTCGATTA-1,1,60,36,2406,1026
GAATATTCGGAGTCCC-1,1,13,83,821,1948
GAATCGACATGGTCAC-1,1,26,42,1256,1148
GAATGTATGGCAGGTC-1,1,15,91,889,2103
GAATGTTGGGTAATCT-1,1,23,69,1158,1674
GAATTCACCCGGGTGT-1,1,47,55,1968,1398
GACAACGACCATTGAA-1,1,25,77,1226,1829
GACAACGCAGCTTACG-1,1,20,54,1055,1383
GACACAAGGGAAGAAA-1,1,30,72,1395,1731
GACACTGAGTTCAGTG-1,1,44,46,1866,1223
GACATCGATTTATAAC-1,1,52,50,2137,1299
GACCAGAGCCCTGTAG-1,1,31,47,1426,1245
GACCCAATTATGATAC-1,1,54,20,2202,716
GACCCGTCGCCGGCTA-1,1,9,59,683,1482
GACCGTCAGGTCGTGA-1,1,13,81,820,1909
GACCGTGCTGACGGTG-1,1,40,52,1731,1340
GACGCCGTAAAGGCTA-1,1,54,54,2205,1377
GACGCTTGCTTCTAAA-1,1,38,36,1662,1030
GACTAACACAGCACCT-1,1,8,90,652,2085
GACTAAGATCATGCAC-1,1,23,53,1156,1363
GACTAAGTAGGCTCAC-1,1,27,43,1290,1168
GACTACAAAGCGGTGG-1,1,49,21,2032,736
GACTACAATTGCTCGT-1,1,8,82,651,1929
GACTGATTGGTCACAA-1,1,9,101,687,2299
GACTGGGCGCCGCAAC-1,1,6,94,585,2163
GAGACTGATGGGTAGA-1,1,28,56,1325,1420
GAGAGGGCGCGAGGTT-1,1,38,40,1662,1107
GAGAGGTGCATTCTGG-1,1,44,28,1864,873
GAGATCTGCTTGGCAT-1,1,34,44,1527,1186
GAGATCTGTCACTCCG-1,1,30,74,1395,1770
GAGCGAGGGAGTACCG-1,1,14,58,852,1462
GAGGCCCGACTCCGCA-1,1,55,23,2236,774
GAGGTACATCCATCTT-1,1,12,68,785,1656
GAGTAAGGCCACGGGA-1,1,48,14,1998,600
GAGTATGCCCGCCTTG-1,1,49,43,2035,1164
GAGTTGATGGCAATTT-1,1,51,19,2100,697
GATACGATGGGAGTCA-1,1,45,45,1900,1203
GATATCTCATGCAATA-1,1,12,58,784,1462
GATATGCGGTAGCCAA-1,1,19,91,1024,2102
GATATTTCCTACATGG-1,1,17,89,957,2064
GATCAACATAAAGGGA-1,1,62,36,2474,1026
GATCATTCCAAACATT-1,1,30,56,1393,1420
GATCCCTTTATACTGC-1,1,28,60,1326,1498
GATCCTCGACACTGGC-1,1,50,32,2067,950
GATCCTCTTGCGCTTA-1,1,7,83,618,1949
GATCGACACTATCTGA-1,1,27,47,1291,1245
GATCGCGGGCTCTCCA-1,1,36,52,1596,1341
GATCGGTGGCCATAAC-1,1,28,68,1327,1654
GATCTTTGCAGGGTAT-1,1,36,38,1594,1069
GATGACAAGTAGGGCA-1,1,57,33,2304,968
GATGCTACAAGCGCCT-1,1,17,51,953,1325
GATGGTGCCCTAGGCA-1,1,10,78,719,1851
GATGTAACGAACCACC-1,1,51,21,2100,736
GATGTCGGTCAACTGC-1,1,9,73,684,1754
GATGTGTTGTCACAAG-1,1,6,78,583,1852
GATGTTCAATCCACGA-1,1,41,43,1764,1165
GATTACTGAATTTGGG-1,1,41,39,1764,1087
GATTCCCTTGTCGCAG-1,1,25,67,1225,1635
GATTCCGCGTTTCCGT-1,1,16,76,921,1811
GCAAATATTACGCTTT-1,1,35,41,1561,1127
GCAACACACTAGAACT-1,1,46,16,1930,639
GCAACCACCAGACCGG-1,1,14,92,855,2123
GCAACCACGGCCGCGT-1,1,43,29,1830,893
GCAAGAATTCCTTGGC-1,1,44,36,1865,1029
GCAAGTGCACAGAGAA-1,1,24,42,1189,1149
GCACAAGTGTCGGAAG-1,1,10,64,717,1579
GCACGCCTACTTAGAT-1,1,55,39,2237,1085
GCAGCACACAGCCCAG-1,1,38,42,1662,1146
GCAGGACTATAGAATA-1,1,35,37,1560,1050
GCAGGTAGAGTATGGT-1,1,18,94,991,2161
GCCACAATTTAAGGAC-1,1,45,39,1899,1087
GCCAGGAGTAACCGAT-1,1,21,89,1092,2063
GCCAGGCGTTCGCATG-1,1,9,89,686,2065
GCCATATTGCACACAG-1,1,22,90,1126,2082
GCCATCGAGCTGCGTG-1,1,53,47,2170,1241
GCCCAGTTGGTATGCC-1,1,22,38,1121,1071
GCCCGACTTCTTCCCG-1,1,49,25,2033,814
GCCCGCGCGTAAACGG-1,1,49,41,2034,1125
GCCCGTAATACCTTCT-1,1,27,79,1294,1868
GCCGAAATTCCTACGT-1,1,35,45,1561,1205
GCCGACCCACGACTGC-1,1,62,30,2473,909
GCCGCTTGTGAGAAAC-1,1,36,40,1595,1108
GCCTAGCGATCTGACC-1,1,20,42,1053,1149
GCCTTCAGCCCTACCG-1,1,16,50,919,1306
GCGAAGCCATACCCGT-1,1,31,61,1427,1517
GCGACCCAACCATCTG-1,1,59,33,2372,968
GCGAGGCCCGAGCAGA-1,1,37,47,1629,1244
GCGATTCTGGAAGCAG-1,1,10,74,718,1773
GCGCAAATATATTCAA-1,1,58,28,2338,871
GCGCTATGCCGAGGCA-1,1,43,47,1832,1243
GCGCTGATCCAGACTC-1,1,17,87,956,2025
GCGGACCGCGTTGTGG-1,1,51,43,2102,1164
GCGGAGAAACTTCGCA-1,1,55,33,2237,968
GCGGCAAAGTATTGCC-1,1,59,27,2371,851
GCGGCTCTGACGTACC-1,1,38,38,1662,1069
GCGGGAACCAGGCCCT-1,1,18,48,986,1266
GCGGGCGAGCCTTACC-1,1,55,51,2238,1318
GCGGTGAACTGCGCTC-1,1,20,94,1059,2161
GCGGTTCCCTATCATG-1,1,47,49,1968,1281
GCGTCGAAATGTCGGT-1,1,17,65,954,1597
GCGTCTCTGCATTGGG-1,1,39,41,1696,1127
GCTAATACCGAATGCC-1,1,21,47,1088,1246
GCTAGCAGGGAGTGGG-1,1,15,101,890,2298
GCTAGCTTGAATAGCT-1,1,52,44,2136,1183
GCTCAATCCGTTTATT-1,1,53,35,2169,1008
GCTCATTACTGCATGT-1,1,13,93,822,2142
GCTCCTGACATACTGG-1,1,56,32,2270,949
GCTCGGAATTTAAAGC-1,1,22,84,1125,1966
GCTCTAAACCCTGACG-1,1,24,58,1190,1460
GCTCTATGTTACGTGC-1,1,26,40,1256,1110
GCTCTCGGGTACCGAA-1,1,26,58,1258,1460
GCTGAATCTTCCAATC-1,1,59,23,2371,773
GCTGCTAAGTAGTCGA-1,1,56,56,2273,1415
GCTGCTCTCCGGACAC-1,1,31,63,1428,1556
GCTGTATTACTGGCCC-1,1,46,38,1933,1067
GCTTCCGTCCCTAGAC-1,1,29,77,1361,1828
GGAAAGTGCCCATGCC-1,1,20,90,1058,2083
GGAACCGTGTAAATTG-1,1,49,47,2035,1242
GGAACCTTGACTCTGC-1,1,59,21,2371,734
GGAAGCTCGCTTACAG-1,1,11,83,753,1948
GGACCTCTAGGCCGCC-1,1,58,30,2338,910
GGAGAAGTCATTGGCA-1,1,23,41,1155,1129
GGAGCACCAAGAACTA-1,1,26,82,1260,1926
GGAGGATTGAAAGGAG-1,1,7,73,617,1754
GGAGTGCCGCCCTGGA-1,1,19,53,1021,1364
GGATCTTGACTCAACC-1,1,51,17,2100,658
GGATGACGCGAGTTTA-1,1,37,45,1629,1205
GGATTAAGCTAAGGTC-1,1,7,87,618,2027
GGATTCCGCTATACCC-1,1,19,81,1023,1908
GGCAAAGGCGCCAATA-1,1,54,34,2203,988
GGCAAATTACTTTACT-1,1,41,53,1765,1360
GGCACTCCACTGGGCA-1,1,34,46,1527,1225
GGCAGCGGTAATCCTA-1,1,14,100,856,2278
GGCATATCGGTTCTGC-1,1,17,83,956,1947
GGCCGAGACTCTGGTG-1,1,62,32,2473,948
GGCCGTTTGGGTTTCA-1,1,59,45,2373,1201
GGCGCATGAATTGATG-1,1,42,54,1799,1379
GGCGGAGTAATATTAG-1,1,32,46,1460,1225
GGCGTCCTATCCGCTG-1,1,31,33,1425,973
GGCTATTAAGTTGTAT-1,1,33,41,1493,1128
GGCTCCTCCACCTGTT-1,1,59,35,2372,1007
GGCTCTGCTCCAACGC-1,1,26,72,1259,1732
GGCTGAGCATCGTAAG-1,1,9,99,687,2260
GGGAACGGGAGGTTAG-1,1,39,37,1696,1049
GGGACAGAGTTACTCC-1,1,57,19,2303,696
GGGACCCGTATATCTT-1,1,57,53,2306,1357
GGGACTGCATAGATAG-1,1,32,60,1461,1497
GGGAGAACTCACAGTA-1,1,32,64,1462,1575
GGGATGGTCGTAACCG-1,1,47,43,1967,1164
GGGCAACCGCACGTGC-1,1,55,19,2235,696
GGGCCCGTCTTAAACA-1,1,42,52,1799,1340
GGGCGATATGTGTGAA-1,1,28,58,1326,1459
GGGCGGCAAATGAATT-1,1,49,45,2035,1203
GGGCGGGTTCCCTACG-1,1,43,37,1831,1048
GGGCGTACATTTATAT-1,1,24,54,1190,1382
GGGCGTCACCACGTAA-1,1,48,50,2002,1300
GGGCGTCCACTGGCTC-1,1,16,84,922,1967
GGGCTATGATCGATGG-1,1,57,51,2306,1318
GGGCTCATCGAACCCA-1,1,25,89,1227,2062
GGGCTGGTTAGTCGCG-1,1,31,51,1426,1323
GGGTACTTCATGAACT-1,1,37,39,1628,1088
GGGTCACCGTGACGGT-1,1,35,47,1561,1244
GGGTGACACCTTAACT-1,1,46,56,1934,1417
GGGTGGTCCAGCCTGT-1,1,7,69,616,1677
GGGTGTTTCAGCTATG-1,1,16,68,921,1656
GGGTTAACATTTGAGT-1,1,54,50,2205,1299
GGTAAATGTGCGTTAC-1,1,11,81,753,1909
GGTAACCGGGAGGATA-1,1,57,27,2304,851
GGTAGACCGTTGGGCG-1,1,53,53,2171,1358
GGTATTGCCGAGTTTA-1,1,33,53,1494,1361
GGTCGGTCGTCCACAG-1,1,56,52,2272,1338
GGTCGTAAGCTCGCAC-1,1,49,19,2032,697
GGTCTCTGAATGGACT-1,1,52,34,2135,988
GGTGAAGTACAGGGAT-1,1,47,37,1966,1048
GGTGCGGATAAGTGGC-1,1,16,46,918,1228
GGTGCTGGTACACATT-1,1,42,46,1798,1223
GGTGTTCTGTTTCTAC-1,1,4,90,517,2086
GGTTACCACCCTCGGG-1,1,45,33,1898,970
GGTTAGGCTTGGAGAA-1,1,28,36,1323,1031
GGTTTAATTACCATCG-1,1,63,39,2508,1084
GGTTTACAATCTCAAT-1,1,25,73,1226,1751
GTAAGCGGGCAGTCAG-1,1,23,63,1157,1557
GTAAGGATTTGTCGGA-1,1,10,68,718,1657
GTAAGTAGGGTATACC-1,1,26,36,1256,1032
GTAATCTGATTCTTCG-1,1,50,44,2069,1183
GTACGAGATTGCGACA-1,1,21,57,1089,1441
GTACTAAGATTTGGAG-1,1,27,55,1291,1401
GTAGAGGGAGACAAGT-1,1,51,31,2101,930
GTAGGTGATCCGTGTA-1,1,17,79,956,1869
GTATAGGACTCAGTAG-1,1,20,58,1055,1461
GTATAGTGGCCCATGT-1,1,4,92,517,2124
GTATCTCAGTCTTGAC-1,1,58,22,2337,754
GTATGAAATTTCACTC-1,1,52,22,2134,755
GTATTCTGAGAAACGA-1,1,48,38,2000,1067
GTCAAAGAAGTGGTGT-1,1,56,18,2269,677
GTCACAAAGTTTCCAA-1,1,9,61,683,1521
GTCAGTTGTGCTCGTT-1,1,9,71,684,1715
GTCATGCACCTCCGTT-1,1,29,61,1360,1517
GTCATGGACATGACTA-1,1,26,62,1258,1537
GTCCGGCTGAATTGCG-1,1,28,52,1325,1343
GTCCTTCTAGTGGGTT-1,1,10,82,719,1929
GTCGCCGTTGTGTGTT-1,1,57,43,2305,1162
GTCGGATATCTCAGAC-1,1,32,36,1459,1031
GTCGGATGTAGCGCGC-1,1,17,77,955,1831
GTCGTATTGGCGTACA-1,1,19,95,1025,2180
GTCTATCTGAGTTTCT-1,1,40,42,1730,1146
GTCTCGATCTGCTTTC-1,1,20,80,1057,1888
GTCTGGGCGGTCGAGA-1,1,46,44,1933,1184
GTCTTAGTACAGCCGG-1,1,12,78,786,1851
GTGAAACGGCGCCACC-1,1,24,88,1193,2043
GTGACTTCAGTAGTGC-1,1,46,50,1934,1301
GTGAGGAGCGGTTGAG-1,1,13,87,821,2026
GTGATCATAGATCTGC-1,1,45,57,1901,1437
GTGATGCACAACATCT-1,1,12,96,788,2201
GTGATTCGCCGCTCAA-1,1,48,40,2001,1106
GTGCAACAAATGTGGC-1,1,14,62,852,1539
GTGCACGAAAGTGACT-1,1,17,71,955,1714
GTGCCATCACACGGTG-1,1,42,34,1797,990
GTGCCGCTTCAAAGGT-1,1,44,44,1866,1184
GTGCCTCAGTGTACGG-1,1,11,93,754,2143
GTGCGAAATCGAACAC-1,1,45,43,1899,1165
GTGCGGGTCTCCAAAT-1,1,20,56,1055,1422
GTGCTCAAGTACTGTC-1,1,34,52,1528,1341
GTGGAACCTACATGCG-1,1,15,81,888,1909
GTGGACCAACCCGATT-1,1,45,29,1898,892
GTGGAGTCGGCGGTTG-1,1,54,38,2203,1066
GTGGCAAACAGCGGCA-1,1,50,20,2066,716
GTGGGAAGACTGAATC-1,1,45,15,1897,620
GTGGGCTTAGACACAC-1,1,29,39,1358,1090
GTGGTATAGTCTGCCG-1,1,57,41,2305,1124
GTGGTCAGCGAAGTAT-1,1,8,92,652,2124
GTGGTTTCCGCCTTTC-1,1,42,32,1797,951
GTGTACCTTGGCTACG-1,1,26,78,1260,1848
GTTACTTTGGGCCTAG-1,1,43,51,1832,1320
GTTAGAGTGTGCCGCT-1,1,7,75,617,1793
GTTATTAAATACGACC-1,1,3,85,482,1988
GTTCAATCTATGTCAA-1,1,4,84,516,1969
GTTCACAGGAGTCTAG-1,1,32,34,1459,992
GTTCCAGTCTGACCAT-1,1,17,53,953,1364
GTTCTTCCCTCGATGT-1,1,15,51,885,1325
GTTGAACCGGTTCCAT-1,1,42,40,1798,1107
GTTGCACGGAGTTTCG-1,1,24,48,1189,1265
GTTGGATTCAGTGGCT-1,1,16,96,923,2200
GTTGGATTTGCGTTGG-1,1,36,50,1596,1302
GTTTCCTGGAGGGTGA-1,1,25,49,1223,1285
GTTTGACCAAATCCTA-1,1,30,58,1393,1459
TAAACCCAGGAGGGCA-1,1,54,36,2203,1027
TAAAGCTGCAATAGGG-1,1,17,97,957,2219
TAAATGCCGTCTCATG-1,1,11,103,755,2337
TAACAGCGTTTGTGCT-1,1,63,37,2508,1045
TAACATACACGCGATC-1,1,55,25,2236,813
TAACTCATCCGCGCGG-1,1,43,49,1832,1282
TAAGGCAACATAAGAT-1,1,25,71,1225,1712
TAAGGCATAACATCAA-1,1,57,49,2306,1279
TAAGTAACATCTTGAC-1,1,46,40,1933,1106
TAAGTCGCCGAGTATC-1,1,54,32,2203,949
TAATAAACAAGGAGAT-1,1,17,91,957,2103
TAATACACAGTAGTAT-1,1,20,64,1056,1577
TAATAGAACAGAGTTA-1,1,50,38,2068,1066
TAATAGTGACGACCAG-1,1,27,83,1294,1945
TAATATTGAAATTCGC-1,1,17,47,952,1247
TACAACGCACAACTCA-1,1,41,49,1765,1282
TACATCCCTATCCCTG-1,1,44,14,1863,601
TACCAGAAGTAGGTTC-1,1,49,51,2035,1319
TACCAGCTAGGTTTAA-1,1,11,65,751,1598
TACCGGTCGTTTCCAT-1,1,44,34,1865,990
TACCTCACGCTTGTAC-1,1,16,56,919,1422
TACCTTAAGATTTCCC-1,1,49,29,2033,892
TACGAACACGACTTCA-1,1,31,53,1427,1361
TACGACGCTTGCTGCG-1,1,46,54,1934,1378
TACGAGAACTTCACGT-1,1,35,39,1561,1089
TACGCAGTTCTTTCCT-1,1,41,51,1765,1321
TACGCCGAGGGTACCC-1,1,56,34,2271,988
TACGGGATGCTAGCAG-1,1,21,83,1091,1946
TACGTACTAGTGCTGA-1,1,62,42,2474,1142
TACGTTTACCGGCAAT-1,1,40,32,1729,952
TACTCTCCGAACAAAT-1,1,21,81,1091,1908
TACTCTTTCGTCTTCA-1,1,58,46,2339,1221
TACTGAACAGATTTAG-1,1,56,44,2272,1182
TACTTTCCGCACGCCA-1,1,47,19,1965,698
TAGAAACCACTAAGTA-1,1,5,79,550,1871
TAGAATTAAGGGCAAC-1,1,10,76,718,1812
TAGAGATCATGCAACT-1,1,44,26,1864,834
TAGAGCTACGAAGAAC-1,1,13,53,818,1365
TAGAGTCTAAGCGAAC-1,1,29,55,1359,1401
TAGATATGGACTGGAA-1,1,49,53,2036,1358
TAGATCCGAAGTCGCA-1,1,10,72,718,1735
TAGCTAAGTCCGGGAG-1,1,29,57,1359,1440
TAGCTAGAAGGCATGA-1,1,51,51,2103,1319
TAGGAACAGCCTCCAG-1,1,5,87,550,2027
TAGGCATGTTACGCCA-1,1,23,85,1159,1985
TAGGGTGTTTCAAGAG-1,1,22,54,1122,1382
TAGGTGAGCCCTACTC-1,1,29,33,1357,973
TAGTCTAACAACGAGA-1,1,40,34,1729,990
TAGTGCCCTCCAGAGT-1,1,32,52,1460,1342
TAGTGGAACTCATACA-1,1,3,83,482,1950
TAGTTAAGATAGGATA-1,1,12,82,787,1929
TAGTTTATTCTTGCTT-1,1,13,57,818,1442
TATAAATCCACAAGCT-1,1,20,44,1054,1188
TATATAGGGCTTTACG-1,1,63,33,2507,967
TATATATCGAGAAATG-1,1,60,28,2405,870
TATATTCGCGTCGATA-1,1,8,62,649,1540
TATCACCATGTAAAGT-1,1,9,95,686,2182
TATCACTTCGAGTAAC-1,1,17,99,958,2258
TATCCATATCATGCGA-1,1,18,52,987,1344
TATCCTGCATGGGAAT-1,1,14,54,852,1384
TATCGATCTATGCATA-1,1,22,88,1126,2044
TATCGATGATTAAACG-1,1,23,49,1156,1285
TATGATAAATCTAACG-1,1,6,82,584,1930
TATGCTCCCTACTTAC-1,1,25,61,1224,1518
TATGGATGTGCTACGC-1,1,26,54,1258,1382
TATGGGTACGTATCGT-1,1,32,58,1461,1458
TATGTCAAGACCGACT-1,1,20,92,1058,2122
TATTAACCTGACCGCG-1,1,57,45,2306,1201
TATTCCTCCGCCCACT-1,1,48,32,2000,950
TATTTAGTCTAGATCG-1,1,18,58,987,1461
TATTTATACCGAGTAG-1,1,16,78,922,1850
TATTTGTTACCCTTTA-1,1,24,46,1189,1227
TCAAACAACCGCGTCG-1,1,24,60,1190,1499
TCAAACTTAGATTGTT-1,1,31,65,1428,1595
TCAACAAAGATAATTC-1,1,53,29,2169,891
TCAACATAGCGCCCTA-1,1,58,44,2339,1182
TCAACATCGACCGAGA-1,1,44,16,1863,640
TCAACCATGTTCGGGC-1,1,25,51,1223,1324
TCAACGCAGGAAATAA-1,1,49,31,2033,931
TCACAGCAAACTCGAA-1,1,51,49,2103,1280
TCACAGGAGAATAAGA-1,1,55,49,2238,1280
TCACAGGTTATTGGGC-1,1,32,48,1460,1264
TCACGATGTCCGTGGA-1,1,52,28,2135,872
TCACGCATTGTAGATC-1,1,33,49,1494,1283
TCACGGTCATCGCACA-1,1,23,45,1155,1207
TCACTACGACCAATGC-1,1,13,95,822,2181
TCACTCGTGCAACGGC-1,1,15,93,889,2142
TCAGCAGTAGGCCCTG-1,1,61,41,2440,1123
TCAGGGTGCACGAAAC-1,1,7,89,618,2066
TCAGGGTGTAACGTAA-1,1,28,72,1327,1731
TCAGGTTCTTTGAGAA-1,1,30,42,1392,1148
TCAGTACTGACCCGCG-1,1,26,34,1256,993
TCAGTAGGGACTATAA-1,1,46,48,1934,1262
TCAGTGTATACGTCAT-1,1,58,36,2338,1026
TCAGTTACGGAATGAT-1,1,3,75,481,1794
TCATCCCAGAGGGTGG-1,1,12,70,785,1695
TCATCGATGGTCCCAA-1,1,57,29,2304,890
TCATGCAGGTTCTCAT-1,1,18,84,990,1966
TCCAACTTTAAATTCT-1,1,40,40,1730,1107
TCCACAATGGTTTACG-1,1,30,36,1391,1031
TCCAGGCGAGTACGGT-1,1,31,57,1427,1439
TCCATTGTGACCTCGT-1,1,8,76,651,1813
TCCCAAAGACGAAGGA-1,1,26,60,1258,1498
TCCCAGCTTTAGTCTG-1,1,34,56,1528,1419
TCCCAGGCTTAGCTAA-1,1,30,48,1392,1264
TCCCGCGTACTCCTGG-1,1,27,69,1293,1673
TCCCGTCAGTCCCGCA-1,1,23,75,1158,1791
TCCCTTAGATTACTCG-1,1,18,86,990,2005
TCCGATAATTGCCATA-1,1,18,64,988,1578
TCCGATGACTGAGCTC-1,1,22,76,1124,1810
TCCGATGGTGCGACAT-1,1,25,53,1224,1362
TCCGGTTCGTCCGGTC-1,1,51,53,2103,1358
TCCTAGCAAAGAAGCT-1,1,41,41,1764,1126
TCCTCCTAAGACATTC-1,1,47,21,1965,736
TCCTCTGGCCCATTAG-1,1,10,88,720,2046
TCCTGCCAACTGGAGA-1,1,12,90,787,2084
TCCTTCAGTGGTCGAA-1,1,15,69,887,1675
TCCTTTCTTACGCTTA-1,1,30,62,1394,1537
TCGAAATTTAGGACCA-1,1,29,45,1358,1206
TCGAATATCCCGCAGG-1,1,58,32,2338,948
TCGAGCCAGGCAGGCC-1,1,57,37,2305,1046
TCGCCGAAGTTGCGTC-1,1,45,37,1899,1048
TCGCCGGTCGATCCGT-1,1,19,61,1021,1519
TCGCTAAACCGCTATC-1,1,19,89,1024,2064
TCGCTCGATATATTCC-1,1,29,63,1360,1556
TCGCTGGGCGGATTGT-1,1,28,74,1327,1770
TCGCTTTAAACGTTTG-1,1,25,87,1227,2024
TCGGAATGACCATCAA-1,1,6,76,583,1813
TCGGAGAGTATCGGGA-1,1,45,23,1897,776
TCGGCTAACTTCCCTT-1,1,3,77,482,1833
TCGGGTGAAACTGCTA-1,1,10,56,716,1423
TCGGTCCCGACAATAG-1,1,57,23,2303,774
TCGGTCCCTGACTCCA-1,1,10,90,720,2085
TCGGTTAGCCATGTAG-1,1,5,95,551,2183
TCGTAAGACGACATTG-1,1,27,77,1294,1829
TCGTATAGTGCAATTA-1,1,12,56,784,1423
TCGTATTTCGTCCGGA-1,1,5,81,550,1910
TCGTCAAGTACGCGCA-1,1,56,38,2271,1065
TCGTCCGCTGGCGTCT-1,1,22,40,1121,1110
TCGTGTCACGCTGACA-1,1,43,23,1830,776
TCGTTAGGAGTCCCTA-1,1,52,54,2137,1377
TCGTTCGTTATTATGT-1,1,10,62,717,1540
TCGTTGCTATCCGGTC-1,1,54,46,2204,1221
TCTAATACTGCCTCAG-1,1,57,25,2304,812
TCTACACGTTCATGCA-1,1,5,93,551,2144
TCTACCGTCCACAAGC-1,1,27,67,1293,1634
TCTAGCAATCTCCGCC-1,1,46,30,1932,912
TCTAGCATCTTCGATG-1,1,23,43,1155,1168
TCTAGTTATCAGAAGA-1,1,34,54,1528,1380
TCTATCGGTCGCAACA-1,1,22,64,1123,1577
TCTCCAACGTAGGTTA-1,1,20,78,1057,1849
TCTCGAACGAGGTCAC-1,1,12,94,788,2162
TCTCTAATAGCTGGTA-1,1,20,52,1054,1344
TCTGGGTAGCGCTCAT-1,1,40,36,1729,1029
TCTGTTACCCAGCATA-1,1,51,35,2102,1008
TCTTACCGGAACTCGT-1,1,21,91,1092,2102
TCTTCGATACCAATAA-1,1,32,66,1462,1614
TCTTGGTAACACCAAA-1,1,21,65,1089,1596
TCTTTCTCTTAAGGAG-1,1,7,79,617,1871
TGAAACTTATGCAAGC-1,1,11,73,752,1754
TGACCAGCTTCAAAGT-1,1,7,97,619,2221
TGACCCACGTTAGACA-1,1,33,47,1494,1244
TGACGAATATTTCCCT-1,1,44,22,1863,756
TGAGAATGCTTTACCG-1,1,18,54,987,1383
TGAGATCAAATACTCA-1,1,7,63,616,1560
TGAGATTAGGCCCTAA-1,1,16,94,923,2161
TGAGCCATACAGTCTC-1,1,42,38,1797,1068
TGAGCTTTAATGACGC-1,1,19,85,1024,1986
TGAGTGCCTCTTAAAT-1,1,45,41,1899,1126
TGATACATTTAGCCGT-1,1,55,43,2238,1163
TGATCGGTTTGACCCT-1,1,28,54,1325,1381
TGATCTACGCTGATCT-1,1,16,100,924,2278
TGATCTCCGGCGCCAG-1,1,28,50,1325,1304
TGATTCGTCTATCACT-1,1,31,41,1425,1128
TGATTCTGTCGCCGGT-1,1,48,44,2001,1183
TGATTTATTAGCTGTG-1,1,38,34,1662,991
TGCAAGAATGACGTAA-1,1,30,60,1393,1498
TGCACAGTGAAGTTAT-1,1,12,100,788,2279
TGCACGAGTCGGCAGC-1,1,6,66,582,1619
TGCAGAGTACCGAGCA-1,1,38,46,1663,1224
TGCAGATCGTCCTAGG-1,1,42,18,1795,679
TGCAGCTACGTACTTC-1,1,42,16,1795,640
TGCAGGATCGGCAAAG-1,1,24,74,1192,1771
TGCATGGATCGGATCT-1,1,19,67,1022,1636
TGCCAAAGTCAGACTT-1,1,43,19,1829,698
TGCCAATGGGTACTCT-1,1,54,52,2205,1338
TGCCACCTGGCGAAAC-1,1,20,76,1057,1811
TGCCATTACTAAAGAA-1,1,21,87,1092,2024
TGCCGGATGTACGAGC-1,1,62,34,2474,987
TGCCTGATCAAACGAT-1,1,20,70,1056,1694
TGCGAATATGGGATTT-1,1,45,13,1896,581
TGCGACACCCTAGTGC-1,1,46,46,1933,1223
TGCGACGGCCGAACGT-1,1,60,32,2406,948
TGCGAGAATATTACCC-1,1,50,40,2068,1105
TGCGAGCCCTTCCGCG-1,1,12,102,789,2317
TGCGCAAAGCATTTGG-1,1,31,67,1428,1634
TGCGCGATTAACGGAG-1,1,27,41,1290,1129
TGCGGAGTAAAGGTGC-1,1,22,70,1124,1694
TGCGGCATAGTTCAAC-1,1,12,54,784,1384
TGCGGTGAAATTTCAT-1,1,12,66,785,1617
TGCGTAAGAACCTGAT-1,1,43,43,1832,1165
TGCGTCATGACTGAGC-1,1,53,21,2168,735
TGCTGGTTGGACAATT-1,1,21,41,1087,1130
TGGAAGAAGGGAACGT-1,1,39,35,1696,1010
TGGAAGGATAAAGATG-1,1,20,68,1056,1655
TGGACGCAATCCAGCC-1,1,58,20,2337,715
TGGAGCTAAAGTTCCC-1,1,6,68,582,1657
TGGAGTGATGCGATGA-1,1,29,41,1358,1128
TGGCAACTCGCGCGCC-1,1,22,86,1125,2005
TGGCCAAACTGAAGTA-1,1,28,76,1327,1809
TGGCCGTATATTGACC-1,1,26,38,1256,1071
TGGCGACTGCTCCAAA-1,1,55,47,2238,1241
TGGCTTTGGGTAGACA-1,1,19,51,1020,1325
TGGGATGCACTCATTC-1,1,12,98,788,2240
TGGGCACGTTCTATGG-1,1,15,73,887,1753
TGGGCCACAAGAGCGC-1,1,18,72,989,1733
TGGGTAAGGTTCCCGC-1,1,13,79,820,1870
TGGTATCGCATCCCAA-1,1,8,68,650,1657
TGGTTCGTAGCAAAGG-1,1,23,55,1156,1402
TGGTTGGAGGATCCTG-1,1,11,91,754,2104
TGTATTTACCTAATGC-1,1,10,102,721,2318
TGTCCCGACATAGCAC-1,1,11,57,750,1443
TGTGACTACGCCAGTC-1,1,21,73,1090,1752
TGTGTCGCGAGTTGCA-1,1,24,36,1188,1032
TGTTCCGCTTCCATGA-1,1,36,44,1595,1186
TGTTCTTCCATTGACT-1,1,33,43,1493,1167
TGTTGTCAAGAAGTCT-1,1,24,82,1193,1927
TGTTTAATACTTCATC-1,1,9,77,685,1832
TGTTTCGGTACTTCTC-1,1,18,56,987,1422
TTAACCAACCCTCCCT-1,1,19,55,1021,1402
TTAACTTCAGGTAGGA-1,1,46,26,1931,834
TTAAGACGAACGAACC-1,1,6,96,585,2202
TTAAGCCGACAACTTC-1,1,13,77,820,1831
TTAAGCGCCTGACCCA-1,1,30,44,1392,1187
TTAAGGCCCGTACTTT-1,1,59,25,2371,812
TTAATCAGTACGTCAG-1,1,18,76,989,1811
TTAATGTAGACCAGGT-1,1,30,68,1394,1653
TTAATTTCAGACGCGG-1,1,17,69,955,1675
TTACAACTACGCATCC-1,1,24,52,1190,1343
TTACCCATTGCCGGGT-1,1,17,85,956,1986
TTACTCTGGTACGTAC-1,1,43,31,1830,932
TTACTGGGATATTTCA-1,1,44,54,1867,1379
TTAGACACGATCGTTG-1,1,16,86,922,2006
TTAGGTCATAACCGAC-1,1,58,38,2339,1065
TTATATTTGGCAATCC-1,1,26,64,1259,1576
TTATCCTCAAGGAATA-1,1,52,18,2134,677
TTATCTGTATCATAAC-1,1,22,60,1123,1499
TTATGACAAACTGGAT-1,1,27,35,1290,1012
TTATTAGGGAAGCATC-1,1,15,59,886,1481
TTCAACGACCCGACCG-1,1,20,48,1054,1266
TTCAAGCCGAGCTGAG-1,1,13,75,820,1792
TTCAATTAGCCATAAT-1,1,7,77,617,1832
TTCATGGCGCAACAGG-1,1,19,75,1023,1791
TTCCAATCTGGCTATC-1,1,48,46,2001,1222
TTCCACACAGATTTGA-1,1,50,46,2069,1222
TTCCATCATGCGGTGA-1,1,13,99,822,2259
TTCCCGGCGCCAATAG-1,1,46,12,1930,562
TTCCGGCCTTGAGGCT-1,1,54,44,2204,1182
TTCCTCGAGGGTGTCT-1,1,21,49,1088,1285
TTCGACGGGAAGGGCG-1,1,24,44,1189,1188
TTCGCACTCGCGTGCT-1,1,25,45,1223,1207
TTCGGCAACCCGCTGA-1,1,16,88,923,2045
TTCGGGCGCTAGTCTT-1,1,55,37,2237,1046
TTCGTAATCCCAGCGG-1,1,12,86,787,2006
TTCTACCTTTATGTTG-1,1,6,84,584,1969
TTCTAGGCCAATTGTG-1,1,22,44,1121,1188
TTCTTAGTGGCTCAGA-1,1,17,61,954,1519
TTCTTGAGCCGCGCTA-1,1,47,41,1967,1125
TTCTTGGACGATCTGC-1,1,52,32,2135,949
TTCTTGGAGTAATGAG-1,1,21,79,1091,1869
TTGAAAGGTGTAAAGG-1,1,13,103,823,2337
TTGAAGAATTCCCAGG-1,1,32,50,1460,1303
TTGACATGAACGTGGA-1,1,44,32,1864,951
TTGACCATGTTCTCCG-1,1,24,78,1192,1849
TTGACCGTGTTAATGA-1,1,50,34,2068,989
TTGACTACCATATGGT-1,1,43,41,1831,1126
TTGAGAGTACTGCTAA-1,1,44,38,1865,1068
TTGAGGCATTTAACTC-1,1,7,91,618,2104
TTGATCTAACTTTGTC-1,1,29,47,1358,1245
TTGATGTGTAGTCCCG-1,1,24,90,1193,2082
TTGATTAGCTGTTTCT-1,1,48,34,2000,989
TTGCACGGAGCAGCAC-1,1,21,59,1089,1480
TTGCATGCTGATCACG-1,1,41,35,1763,1010
TTGCCATAGCCCGCTC-1,1,54,24,2202,794
TTGCCGGTGATCCCTC-1,1,11,97,754,2220
TTGCGGCATCAGAAAG-1,1,53,45,2170,1202
TTGCGTCGGCCAACCG-1,1,51,41,2102,1125
TTGCGTGAACGCTTAG-1,1,14,96,856,2200
TTGCTCCCATACCGGA-1,1,22,72,1124,1732
TTGCTGAAGGAACCAC-1,1,19,57,1021,1441
TTGCTGATCATGTTCG-1,1,33,57,1495,1439
TTGCTGGCCGGGCTTC-1,1,8,78,651,1852
TTGGAAGAATACAGTC-1,1,50,24,2067,794
TTGGATATCGTCTACG-1,1,48,52,2002,1339
TTGGATCGACTTCTGG-1,1,10,60,717,1501
TTGGATTGGGTACCAC-1,1,17,55,953,1403
TTGGCCTAGAATTTCG-1,1,16,82,922,1928
TTGGCTCGCATGAGAC-1,1,23,37,1154,1052
TTGGGACACTGCCCGC-1,1,28,70,1327,1693
TTGGGCGGCGGTTGCC-1,1,30,76,1395,1809
TTGGTCACACTCGTAA-1,1,48,48,2001,1261
TTGGTTGCGGTGCGCG-1,1,53,23,2168,774
TTGTAAGGACCTAAGT-1,1,46,32,1932,951
TTGTAAGGCCAGTTGG-1,1,27,81,1294,1907
TTGTAATCCGTACTCG-1,1,35,55,1562,1400
TTGTATCACACAGAAT-1,1,12,74,786,1773
TTGTCGTTCAGTTACC-1,1,22,58,1123,1460
TTGTGGCCCTGACAGT-1,1,18,60,987,1500
TTGTGGTAGGAGGGAT-1,1,50,28,2067,872
TTGTTAGCAAATTCGA-1,1,22,42,1121,1149
TTGTTCAGTGTGCTAC-1,1,24,64,1191,1577
TTGTTTCACATCCAGG-1,1,58,42,2339,1143
TTGTTTCATTAGTCTA-1,1,60,30,2406,909
TTGTTTCCATACAACT-1,1,45,27,1898,853
